DG9522,,"In stock",240
3403,,"In stock",240
DG9522,,"In stock",144
SP43403,,"In stock",120
GP1331,,"In stock",120
DG9522,,"In stock",120
SP43403,,"In stock",120
GP2624,,"In stock",120
SP43403,,"In stock",120
3403,,"In stock",120
GP1331,,"In stock",120
3202,,"In stock",96
3331,,"In stock",72
GP2624,,"In stock",72
GP2624,"GENTS TAN 6X10","In stock",72
3331,"GENTS BROWN 6X10","In stock",72
3403,,"In stock",60
3403,,"In stock",60
SP49104,,"In stock",60
LP1047,,"In stock",60
LP1414,,"In stock",60
DL3045,"LADIES ROSE 5X9","In stock",60
3331,,"In stock",48
D7469,,"In stock",48
SP40108,,"In stock",48
3403,,"In stock",48
3116,,"In stock",48
GP4431,,"In stock",48
GP4488,,"In stock",48
GP4488,,"In stock",48
SP40104,,"In stock",48
SP40104,,"In stock",48
SP42624,,"In stock",48
SP42624,,"In stock",48
SP42624,,"In stock",48
3038,,"In stock",48
D7469,,"In stock",48
3403,,"In stock",48
3290,,"In stock",48
3116,,"In stock",48
3255,,"In stock",48
3023,,"In stock",48
GP4356,,"In stock",48
3116,,"In stock",48
"13125 - 6x9",,"In stock",30
"13123 - 6",,"In stock",30
SP40105,,"In stock",30
SP40105,,"In stock",30
LP1305,,"In stock",30
LP1305,,"In stock",30
DL3784,,"In stock",30
DL3784,,"In stock",30
DL3313,,"In stock",30
DL3038,,"In stock",30
DL3038,,"In stock",30
DL3484,,"In stock",30
DL3038,,"In stock",30
ES45121,,"In stock",30
DL3484,,"In stock",30
SP49104,,"In stock",30
SP47650,,"In stock",30
SP45109,,"In stock",30
SP49104,,"In stock",30
LP1407,"LP1407 MAROON 5X9","In stock",30
DL3521,"LADIES MAROON 5X9","In stock",30
"13125 - 6x10",,"In stock",24
D7469,,"In stock",24
LP1010,,"In stock",24
3255,,"In stock",24
DL3038,,"In stock",24
D7469,,"In stock",24
LP1035,,"In stock",24
DG9437,,"In stock",24
SP40168,,"In stock",24
SP40112,,"In stock",24
GP4052,,"In stock",24
SP44765,,"In stock",24
DG9158,,"In stock",24
DG9302,,"In stock",24
DG9302,,"In stock",24
DG9302,,"In stock",24
GP4488,,"In stock",24
DG9835,,"In stock",24
GP4627,,"In stock",24
DG9437,,"In stock",24
DG9163,,"In stock",24
"WG5081 - 7",,"In stock",20
"13123 - 10",,"In stock",18
"3403 - 8x10",,"In stock",12
"3403 - 6x10",,"In stock",12
"3403 - 9",,"In stock",12
"3403 - 10",,"In stock",12
"GG8220 - 8x10",,"In stock",12
"GG8220 - 7x10",,"In stock",12
"GG8220 - 6x9",,"In stock",12
"GG8220 - 6x10",,"In stock",12
"GG8217 - 7x10",,"In stock",12
"GG8217 - 6x9",,"In stock",12
"GG8217 - 6x10",,"In stock",12
"3403 - 7",,"In stock",10
"3403 - 6",,"In stock",10
"WG5081 - 7",,"In stock",10
"WG5081 - 10",,"In stock",10
"WG5081 - 10",,"In stock",10
"GG8217 - 9",,"In stock",5
"GG8217 - 8",,"In stock",5
"GG8217 - 7",,"In stock",5
"GG8217 - 10",,"In stock",5
"GG8217 - 6",,"In stock",4
"3403 - 7x10",,"Out of stock",0
"3403 - 6x9",,"Out of stock",0
"13123 - 9",,"Out of stock",0
"13123 - 8",,"Out of stock",0
"13123 - 7",,"Out of stock",0
"WG5081 - 9",,"Out of stock",0
"WG5081 - 8",,"Out of stock",0
"WG5081 - 9",,"Out of stock",0
"WG5081 - 8",,"Out of stock",0
"GG8220 - 9",,"Out of stock",0
"Test Product Group Set BALA - 6x10",,"Out of stock",0
WG5081,,"Out of stock",0
WG5081,,"Out of stock",0
BT2702,"LADIES blue 5x9","Out of stock",0
WF6261,"GENTS BLACK 6X10","Out of stock",0
WC4375,,"Out of stock",0
12324,,"Out of stock",0
STG10012,,"Out of stock",0
STG10012,,"Out of stock",0
WG1317,"blue/white 11x12","Out of stock",0
"stimulus Men Shoes 001",,"Out of stock",0
WG5085,"tan 6x10","Out of stock",0
"Test Product 001",,"Out of stock",0
"Crocs Men Kids 002",,"Out of stock",0
"Crocs Men Kids 001",,"Out of stock",0
"Crocs Men Shoes 004",,"Out of stock",0
"Crocs Men Shoes 003",,"Out of stock",0
"Crocs Men Shoes 002",,"Out of stock",0
"Crocs Men Shoes 001",,"Out of stock",0
"Bata Men Kids 002",,"Out of stock",0
"Bata Men Kids 001",,"Out of stock",0
"Bata Men Shoes 004",,"Out of stock",0
"Bata Men Shoes 003",,"Out of stock",0
"Bata Men Shoes 002",,"Out of stock",0
"Bata Men Shoes 001",,"Out of stock",0
"Nike Men Kids 002",,"Out of stock",0
"Nike Men Kids 001",,"Out of stock",0
"Nike Men Shoes 004",,"Out of stock",0
"Nike Men Shoes 003",,"Out of stock",0
"Nike Men Shoes 002",,"Out of stock",0
"Nike Men Shoes 001",,"Out of stock",0
"Adidas Men Kids 002",,"Out of stock",0
"Adidas Men Kids 001",,"Out of stock",0
"Adidas Men Shoes 004",,"Out of stock",0
"Adidas Men Shoes 003",,"Out of stock",0
"Adidas Men Shoes 002",,"Out of stock",0
"Adidas Men Shoes 001",,"Out of stock",0
"Wallet Topup",,"Out of stock",0
"Test Product 002",TEST002,"Out of stock",0
"Test Product 001",TEST001,"Out of stock",0
"Wallet Topup",,"Out of stock",0
"3403 - 8",,"In stock",0
"13125 - 7x10",,"In stock",0
"13125 - 6x9",,"In stock",0
"13125 - 6x10",,"In stock",0
"13125 - 8x10",,"In stock",0
"13125 - 7x10",,"In stock",0
13125,,"In stock",0
13123,,"In stock",0
"GG8220 - 8",,"In stock",0
"GG8220 - 10",,"In stock",0
"Test Product Group Set BALA - 8x10",,"In stock",0
"Test Product Group Set BALA - 7x10",,"In stock",0
"Test Product Group Set BALA - 6x9",,"In stock",0
"Test Product Group Set BALA",,"In stock",0
GG8220,,"In stock",0
GG8220,,"In stock",0
GG8217,,"In stock",0
GG8217,,"In stock",0
3403,,"In stock",0
3403,,"In stock",0
"stimulus Men Shoes 001 - 8",,"Out of stock",0
"stimulus Men Shoes 001 - 7",,"Out of stock",0
"stimulus Men Shoes 001 - 6",,"Out of stock",0
"stimulus Men Shoes 001 - 5",,"Out of stock",0
"Test Product 001",,"Out of stock",0
"Test Product 001",,"Out of stock",0
"Test Product 001",,"Out of stock",0
"Test Product 001",,"Out of stock",0
"Test Product 001",,"Out of stock",0
"Test Product 001",,"Out of stock",0
"Test Product 001",TEST001,"Out of stock",0
"Test Product 001",TEST001,"Out of stock",0
"Test Product 001",TEST001,"Out of stock",0
"Test Product 001",TEST001,"Out of stock",0
"Test Product 001",TEST001,"Out of stock",0
"Test Product 001",TEST001,"Out of stock",0
"Adidas Men Shoes 002",,"Out of stock",0
"Adidas Men Shoes 002",,"Out of stock",0
"Adidas Men Shoes 002",,"Out of stock",0
"Adidas Men Shoes 002",,"Out of stock",0
"Adidas Men Shoes 002",,"Out of stock",0
"Adidas Men Shoes 002",,"Out of stock",0
"Adidas Men Shoes 002",,"Out of stock",0
"Adidas Men Shoes 002",,"Out of stock",0
"Adidas Men Shoes 002",,"Out of stock",0
"Adidas Men Shoes 002",,"Out of stock",0
"Adidas Men Shoes 002",,"Out of stock",0
"Adidas Men Shoes 002",,"Out of stock",0
"Adidas Men Shoes 002",,"Out of stock",0
"Adidas Men Shoes 002",,"Out of stock",0
"Adidas Men Shoes 002",,"Out of stock",0
"Adidas Men Shoes 001",,"Out of stock",0
"Adidas Men Shoes 001",,"Out of stock",0
"Adidas Men Shoes 001",,"Out of stock",0
"Adidas Men Shoes 001",,"Out of stock",0
"Adidas Men Shoes 001",,"Out of stock",0
"Adidas Men Shoes 001",,"Out of stock",0
"Adidas Men Shoes 001",,"Out of stock",0
"Adidas Men Shoes 001",,"Out of stock",0
"Adidas Men Shoes 001",,"Out of stock",0
"Adidas Men Shoes 001",,"Out of stock",0
"Adidas Men Shoes 001",,"Out of stock",0
"Adidas Men Shoes 001",,"Out of stock",0
"Adidas Men Shoes 001",,"Out of stock",0
"Adidas Men Shoes 001",,"Out of stock",0
"Adidas Men Shoes 001",,"Out of stock",0
"Adidas Men Shoes 001",,"Out of stock",0
"Adidas Men Shoes 001",,"Out of stock",0
"Adidas Men Shoes 001",,"Out of stock",0
"Adidas Men Shoes 001",,"Out of stock",0
"Adidas Men Shoes 001",,"Out of stock",0
"Crocs Men Kids 002 - 8",,"Out of stock",0
"Crocs Men Kids 002 - 7",,"Out of stock",0
"Crocs Men Kids 002 - 6",,"Out of stock",0
"Crocs Men Kids 002 - 5",,"Out of stock",0
"Crocs Men Kids 001 - 8",,"Out of stock",0
"Crocs Men Kids 001 - 7",,"Out of stock",0
"Crocs Men Kids 001 - 6",,"Out of stock",0
"Crocs Men Kids 001 - 5",,"Out of stock",0
"Crocs Men Shoes 004 - 11",,"Out of stock",0
"Crocs Men Shoes 004 - 10",,"Out of stock",0
"Crocs Men Shoes 004 - 9",,"Out of stock",0
"Crocs Men Shoes 004 - 8",,"Out of stock",0
"Crocs Men Shoes 003 - 11",,"Out of stock",0
"Crocs Men Shoes 003 - 10",,"Out of stock",0
"Crocs Men Shoes 003 - 9",,"Out of stock",0
"Crocs Men Shoes 003 - 8",,"Out of stock",0
"Crocs Men Shoes 002 - 11",,"Out of stock",0
"Crocs Men Shoes 002 - 10",,"Out of stock",0
"Crocs Men Shoes 002 - 9",,"Out of stock",0
"Crocs Men Shoes 002 - 8",,"Out of stock",0
"Crocs Men Shoes 001 - 11",,"Out of stock",0
"Crocs Men Shoes 001 - 10",,"Out of stock",0
"Crocs Men Shoes 001 - 9",,"Out of stock",0
"Crocs Men Shoes 001 - 8",,"Out of stock",0
"Bata Men Kids 002 - 8",,"Out of stock",0
"Bata Men Kids 002 - 7",,"Out of stock",0
"Bata Men Kids 002 - 6",,"Out of stock",0
"Bata Men Kids 002 - 5",,"Out of stock",0
"Bata Men Kids 001 - 8",,"Out of stock",0
"Bata Men Kids 001 - 7",,"Out of stock",0
"Bata Men Kids 001 - 6",,"Out of stock",0
"Bata Men Kids 001 - 5",,"Out of stock",0
"Bata Men Shoes 004 - 11",,"Out of stock",0
"Bata Men Shoes 004 - 10",,"Out of stock",0
"Bata Men Shoes 004 - 9",,"Out of stock",0
"Bata Men Shoes 004 - 8",,"Out of stock",0
"Bata Men Shoes 003 - 11",,"Out of stock",0
"Bata Men Shoes 003 - 10",,"Out of stock",0
"Bata Men Shoes 003 - 9",,"Out of stock",0
"Bata Men Shoes 003 - 8",,"Out of stock",0
"Bata Men Shoes 002 - 11",,"Out of stock",0
"Bata Men Shoes 002 - 10",,"Out of stock",0
"Bata Men Shoes 002 - 9",,"Out of stock",0
"Bata Men Shoes 002 - 8",,"Out of stock",0
"Bata Men Shoes 001 - 11",,"Out of stock",0
"Bata Men Shoes 001 - 10",,"Out of stock",0
"Bata Men Shoes 001 - 9",,"Out of stock",0
"Bata Men Shoes 001 - 8",,"Out of stock",0
"Nike Men Kids 002 - 8",,"Out of stock",0
"Nike Men Kids 002 - 7",,"Out of stock",0
"Nike Men Kids 002 - 6",,"Out of stock",0
"Nike Men Kids 002 - 5",,"Out of stock",0
"Nike Men Kids 001 - 8",,"Out of stock",0
"Nike Men Kids 001 - 7",,"Out of stock",0
"Nike Men Kids 001 - 6",,"Out of stock",0
"Nike Men Kids 001 - 5",,"Out of stock",0
"Nike Men Shoes 004 - 11",,"Out of stock",0
"Nike Men Shoes 004 - 10",,"Out of stock",0
"Nike Men Shoes 004 - 9",,"Out of stock",0
"Nike Men Shoes 004 - 8",,"Out of stock",0
"Nike Men Shoes 003 - 11",,"Out of stock",0
"Nike Men Shoes 003 - 10",,"Out of stock",0
"Nike Men Shoes 003 - 9",,"Out of stock",0
"Nike Men Shoes 003 - 8",,"Out of stock",0
"Nike Men Shoes 002 - 11",,"Out of stock",0
"Nike Men Shoes 002 - 10",,"Out of stock",0
"Nike Men Shoes 002 - 9",,"Out of stock",0
"Nike Men Shoes 002 - 8",,"Out of stock",0
"Nike Men Shoes 001 - 11",,"Out of stock",0
"Nike Men Shoes 001 - 10",,"Out of stock",0
"Nike Men Shoes 001 - 9",,"Out of stock",0
"Nike Men Shoes 001 - 8",,"Out of stock",0
"Adidas Men Kids 002 - 8",,"Out of stock",0
"Adidas Men Kids 002 - 7",,"Out of stock",0
"Adidas Men Kids 002 - 6",,"Out of stock",0
"Adidas Men Kids 002 - 5",,"Out of stock",0
"Adidas Men Kids 001 - 8",,"Out of stock",0
"Adidas Men Kids 001 - 7",,"Out of stock",0
"Adidas Men Kids 001 - 6",,"Out of stock",0
"Adidas Men Kids 001 - 5",,"Out of stock",0
"Adidas Men Shoes 004 - 11",,"Out of stock",0
"Adidas Men Shoes 004 - 10",,"Out of stock",0
"Adidas Men Shoes 004 - 9",,"Out of stock",0
"Adidas Men Shoes 004 - 8",,"Out of stock",0
"Adidas Men Shoes 003 - 11",,"Out of stock",0
"Adidas Men Shoes 003 - 10",,"Out of stock",0
"Adidas Men Shoes 003 - 9",,"Out of stock",0
"Adidas Men Shoes 003 - 8",,"Out of stock",0
"Adidas Men Shoes 001",,"Out of stock",0
"Adidas Men Shoes 001",,"Out of stock",0
"Adidas Men Shoes 001",,"Out of stock",0
"Adidas Men Shoes 001",,"Out of stock",0
"Test Product 002",TEST002,"Out of stock",0
"Test Product 002",TEST002,"Out of stock",0
"Test Product 002",TEST002,"Out of stock",0
"Test Product 002",TEST002,"Out of stock",0
"Test Product 002",TEST002,"Out of stock",0
"Test Product 002",TEST002,"Out of stock",0
"Test Product 001",TEST001,"Out of stock",0
"Test Product 001",TEST001,"Out of stock",0
"Test Product 001",TEST001,"Out of stock",0
"Test Product 001",TEST001,"Out of stock",0
"Test Product 001",TEST001,"Out of stock",0
"Test Product 001",TEST001,"Out of stock",0
,,"In stock",0
STG10012,,"In stock",0
LP1047,,"In stock",0
SP40105,,"In stock",0
BX1021,,"In stock",0
